W/m2,Solar radiation Average ,2017,2018,2019,Summer,Monsoon,Post-monsoon,Winter,,,,,,,,,,,,
 01/01/2017,10.52,10.52,17.69,10.2,26.52,31.37,15.38,11.48,,,,,,,,,,,,
 02/01/2017,9.97,9.97,15.69,10.5,22.77,29,211.33,11.36,,,,,,,,,,,,
 03/01/2017,11.01,11.01,12.14,10.7,21.35,28.02,213.07,11.59,,,,,,,,,,,,
 04/01/2017,13.22,13.22,14.36,10.5,20.31,32.83,203.25,11.43,,,,,,,,,,,,
 05/01/2017,15.72,15.72,13.45,11.43,20.27,31.93,15.26,13.03,,,,,,,,,,,,
 06/01/2017,16.87,16.87,12.92,12.1,21.33,31.92,15.2,12.33,,,,,,,,,,,,
 07/01/2017,12.04,12.04,11.59,11.27,23.65,30.33,15.05,11.94,,,,,,,,,,,,
 08/01/2017,11.57,11.57,11.58,11.6,22.77,31.72,15.23,11.77,,,,,,,,,,,,
 09/01/2017,11.45,11.45,11.56,11.34,21.31,34.71,15.72,11.9,,,,,,,,,,,,
 10/01/2017,10.64,10.64,11.39,10.5,14.96,34.46,15.23,11.63,,,,,,,,,,,,
 11/01/2017,9.75,9.75,11.62,10.3,15.9,30.16,15.36,11.79,,,,,,,,,,,,
 12/01/2017,10.12,10.12,11.55,10.09,17.34,28.99,15.38,12.27,,,,,,,,,,,,
 13/01/2017,10.31,10.31,11.54,9.98,17.43,29.79,15.14,15.33,,,,,,,,,,,,
 14/01/2017,7.68,7.68,11.59,9.81,23.07,30.27,15.27,14.73,,,,,,,,,,,,
 15/01/2017,15.09,15.09,11.52,10.58,21.72,31.86,15.22,11.76,,,,,,,,,,,,
 16/01/2017,13.22,13.22,11.54,10.99,23.83,32.24,14.89,11.54,,,,,,,,,,,,
 17/01/2017,9.3,9.3,11.35,9.97,22.68,31.65,15.18,11.82,,,,,,,,,,,,
 18/01/2017,12.4,12.4,12.28,11,24.1,31.7,15.28,11.6,,,,,,,,,,,,
 19/01/2017,12.7,12.7,11.37,11.03,24.59,33.77,15.3,11.28,,,,,,,,,,,,
 20/01/2017,10.44,10.44,11.81,11.19,24.89,33.12,15.25,11.43,,,,,,,,,,,,
 21/01/2017,12.38,12.38,11.62,11.14,26.25,29.15,15.29,13.71,,,,,,,,,,,,
 22/01/2017,15.38,15.38,11.66,12.72,29.58,27.68,15.14,11.97,,,,,,,,,,,,
 23/01/2017,17.2,17.2,13.63,18.8,30.94,27.51,14.93,11.95,,,,,,,,,,,,
 24/01/2017,18.65,18.65,16.79,209.36,29.6,28.52,14.88,11.91,,,,,,,,,,,,
 25/01/2017,19.16,19.16,13.6,192.1,28.85,29.2,15.07,11.75,,,,,,,,,,,,
 26/01/2017,16.94,16.94,12.02,186.93,30.05,29.24,15.2,11.85,,,,,,,,,,,,
 27/01/2017,13.97,13.97,13.47,191.52,30.91,29.82,14.87,11.8,,,,,,,,,,,,
 28/01/2017,14.03,14.03,12.93,154.2,32.28,28.95,14.87,11.97,,,,,,,,,,,,
 29/01/2017,13.09,13.09,11.94,135.78,33.76,28.5,14.97,14.88,,,,,,,,,,,,
 30/01/2017,14.67,14.67,11.97,151.73,32.32,29.67,15.15,17.62,,,,,,,,,,,,
 31/01/2017,16.5,16.5,11.88,129.14,33.99,28.57,15.38,17.69,,,,,,,,,,,,
 01/02/2017,16.42,16.42,11.82,197.83,34.3,29.92,15.09,15.69,,,,,,,,,,,,
 02/02/2017,16.8,16.8,12.09,176.67,34.05,28.55,15.01,12.14,,,,,,,,,,,,
 03/02/2017,16.73,16.73,11.97,195.39,33.9,30.29,15.02,14.36,,,,,,,,,,,,
 04/02/2017,16.82,16.82,11.69,92.4,33.55,30.57,15.11,13.45,,,,,,,,,,,,
 05/02/2017,17.9,17.9,11.43,190.68,32.49,31.72,15.1,12.92,,,,,,,,,,,,
 06/02/2017,16.15,16.15,11.3,181.2,32.79,28.95,15.07,11.59,,,,,,,,,,,,
 07/02/2017,14.29,14.29,11.22,218.35,31.05,29.34,14.96,11.58,,,,,,,,,,,,
 08/02/2017,15.99,15.99,11.05,190.1,30.14,29.15,17.41,11.56,,,,,,,,,,,,
 09/02/2017,16.46,16.46,11.16,209.21,27.42,28.6,15.51,11.39,,,,,,,,,,,,
 10/02/2017,18.44,18.44,11.21,98.65,28.12,28.38,15.29,11.62,,,,,,,,,,,,
 11/02/2017,16.13,16.13,10.81,188.77,31.22,30.07,15.12,11.55,,,,,,,,,,,,
 12/02/2017,16.53,16.53,11.26,233.05,32.98,29.58,15.08,11.54,,,,,,,,,,,,
 13/02/2017,16.73,16.73,11.7,295.56,34.49,30.09,14.95,11.59,,,,,,,,,,,,
 14/02/2017,17.56,17.56,11.78,156,38.48,30.54,14.98,11.52,,,,,,,,,,,,
 15/02/2017,18.89,18.89,11.65,168.58,35.87,31.94,14.13,11.54,,,,,,,,,,,,
 16/02/2017,23.9,23.9,11.83,189.14,35.19,32.4,13.82,11.35,,,,,,,,,,,,
 17/02/2017,20.68,20.68,12.09,245.23,35.09,33.14,13.92,12.28,,,,,,,,,,,,
 18/02/2017,22.23,22.23,12.21,371.48,36.76,31.64,13.51,11.37,,,,,,,,,,,,
 19/02/2017,23.94,23.94,12.15,327.82,37.52,29.92,13.16,11.81,,,,,,,,,,,,
 20/02/2017,24.9,24.9,12.21,245.85,37.99,30.61,12.88,11.62,,,,,,,,,,,,
 21/02/2017,21.49,21.49,12.22,243.01,36.67,31.4,12.6,11.66,,,,,,,,,,,,
 22/02/2017,19.15,19.15,12.4,231.58,37.17,31.71,12.12,13.63,,,,,,,,,,,,
 23/02/2017,21.41,21.41,12.36,231.4,35.34,30.53,12.35,16.79,,,,,,,,,,,,
 24/02/2017,18.57,18.57,12.41,265.12,33.74,29.17,13.07,13.6,,,,,,,,,,,,
 25/02/2017,20.82,20.82,12.35,256.16,33.46,27.71,12.28,12.02,,,,,,,,,,,,
 26/02/2017,20.75,20.75,12.38,250.82,33,27.85,12.34,13.47,,,,,,,,,,,,
 27/02/2017,21.55,21.55,12.36,216.46,32.69,27.61,11.63,12.93,,,,,,,,,,,,
 28/02/2017,24.44,24.44,12.47,270,32.27,27.13,11.25,11.94,,,,,,,,,,,,
 01/03/2017,26.52,26.52,12.32,259.85,32.75,28.55,12.08,11.97,,,,,,,,,,,,
 02/03/2017,22.77,22.77,13.33,242.1,33.79,28.21,11.82,11.88,,,,,,,,,,,,
 03/03/2017,21.35,21.35,13.42,259.32,32.87,NA,12.83,11.82,,,,,,,,,,,,
 04/03/2017,20.31,20.31,13.72,259.68,34.53,29.54,12.72,12.09,,,,,,,,,,,,
 05/03/2017,20.27,20.27,13.27,237.58,34.06,30.73,12.27,11.97,,,,,,,,,,,,
 06/03/2017,21.33,21.33,12.99,277.91,33.88,30.3,12.54,11.69,,,,,,,,,,,,
 07/03/2017,23.65,23.65,12.74,285.15,35.11,31.61,12.32,11.43,,,,,,,,,,,,
 08/03/2017,22.77,22.77,11.9,272.62,37.35,32.9,11.82,11.3,,,,,,,,,,,,
 09/03/2017,21.31,21.31,12.15,282.87,38.92,34.78,13.23,11.22,,,,,,,,,,,,
 10/03/2017,14.96,14.96,12.11,264.38,36.29,33.06,13.18,11.05,,,,,,,,,,,,
 11/03/2017,15.9,15.9,11.88,274.53,36.79,32.75,13.57,11.16,,,,,,,,,,,,
 12/03/2017,17.34,17.34,12.01,245.98,34.53,32.33,13.57,11.21,,,,,,,,,,,,
 13/03/2017,17.43,17.43,12.16,255.5,34.81,31.12,13.32,10.81,,,,,,,,,,,,
 14/03/2017,23.07,23.07,11.97,262.78,38.08,30.52,12.78,11.26,,,,,,,,,,,,
 15/03/2017,21.72,21.72,12.38,242.38,41.28,32.36,12.54,11.7,,,,,,,,,,,,
 16/03/2017,23.83,23.83,12.62,257.2,39.79,31.99,12.83,11.78,,,,,,,,,,,,
 17/03/2017,22.68,22.68,12.93,244.85,38.06,31.88,14.81,11.65,,,,,,,,,,,,
 18/03/2017,24.1,24.1,12.31,249.35,37.78,32.02,12.95,11.83,,,,,,,,,,,,
 19/03/2017,24.59,24.59,12.32,257.23,32.58,33.24,12.86,12.09,,,,,,,,,,,,
 20/03/2017,24.89,24.89,12.27,241.37,34.68,27.89,12.89,12.21,,,,,,,,,,,,
 21/03/2017,26.25,26.25,12.43,116.82,30.53,24.91,13.09,12.15,,,,,,,,,,,,
 22/03/2017,29.58,29.58,12.32,199.77,34.25,25.58,12.79,12.21,,,,,,,,,,,,
 23/03/2017,30.94,30.94,12.54,265.16,36.93,4.78,12.25,12.22,,,,,,,,,,,,
 24/03/2017,29.6,29.6,12.58,284.17,33.23,18.76,12.45,12.4,,,,,,,,,,,,
 25/03/2017,28.85,28.85,12.91,283.23,34.3,31.57,12.75,12.36,,,,,,,,,,,,
 26/03/2017,30.05,30.05,12.7,295.89,36.26,32.93,12.76,12.41,,,,,,,,,,,,
 27/03/2017,30.91,30.91,12.75,272.02,37.17,82.77,13.03,12.35,,,,,,,,,,,,
 28/03/2017,32.28,32.28,12.62,274.89,42.44,22.32,13.16,12.38,,,,,,,,,,,,
 29/03/2017,33.76,33.76,12.33,272,32.93,119.77,12.98,12.36,,,,,,,,,,,,
 30/03/2017,32.32,32.32,12.27,266.19,32.24,83.53,13.07,12.47,,,,,,,,,,,,
 31/03/2017,33.99,33.99,12.1,279.04,31.79,157.14,13.16,10.2,,,,,,,,,,,,
 01/04/2017,34.3,34.3,12.49,292.14,28.98,185.78,13.05,10.5,,,,,,,,,,,,
 02/04/2017,34.05,34.05,12.83,303.37,29.5,226.56,31.3,10.7,,,,,,,,,,,,
 03/04/2017,33.9,33.9,14.65,279.95,34.29,130.87,14.09,10.5,,,,,,,,,,,,
 04/04/2017,33.55,33.55,13.01,301.35,38.5,170.3,14.03,11.43,,,,,,,,,,,,
 05/04/2017,32.49,32.49,12.99,309.02,40.84,221.7,14.07,12.1,,,,,,,,,,,,
 06/04/2017,32.79,32.79,93.67,262.81,40.8,117.12,13.77,11.27,,,,,,,,,,,,
 07/04/2017,31.05,31.05,13.4,256.91,39.12,100.01,13.66,11.6,,,,,,,,,,,,
 08/04/2017,30.14,30.14,13.11,294.46,17.73,109.07,15.48,11.34,,,,,,,,,,,,
 09/04/2017,27.42,27.42,13.24,310.13,30.58,43.96,15.02,10.5,,,,,,,,,,,,
 10/04/2017,28.12,28.12,13.28,312.45,31.78,61.12,13.74,10.3,,,,,,,,,,,,
 11/04/2017,31.22,31.22,14.47,284.24,34.94,13.49,13.49,10.09,,,,,,,,,,,,
 12/04/2017,32.98,32.98,18.25,282.37,34.12,11.85,13.53,9.98,,,,,,,,,,,,
 13/04/2017,34.49,34.49,21.84,276.68,35.61,13.61,18.08,9.81,,,,,,,,,,,,
 14/04/2017,38.48,38.48,12.12,379.24,37.45,64.36,13.57,10.58,,,,,,,,,,,,
 15/04/2017,35.87,35.87,17.7,384.73,35.21,28.46,14.13,10.99,,,,,,,,,,,,
 16/04/2017,35.19,35.19,20.42,133.89,34.82,28.88,14.24,9.97,,,,,,,,,,,,
 17/04/2017,35.09,35.09,12.84,247.47,30.3,57.89,14.53,11,,,,,,,,,,,,
 18/04/2017,36.76,36.76,12.5,295.99,32.25,79.35,14.61,11.03,,,,,,,,,,,,
 19/04/2017,37.52,37.52,12.92,255.58,32.61,14.33,14.44,11.19,,,,,,,,,,,,
 20/04/2017,37.99,37.99,12.18,255.82,32.13,14.34,14.16,11.14,,,,,,,,,,,,
 21/04/2017,36.67,36.67,11.84,269.79,31.68,44.33,13.94,12.72,,,,,,,,,,,,
 22/04/2017,37.17,37.17,11.47,300.66,30.64,24.67,13.99,18.8,,,,,,,,,,,,
 23/04/2017,35.34,35.34,11.12,288.79,30.97,14.48,14,209.36,,,,,,,,,,,,
 24/04/2017,33.74,33.74,11.26,284.01,33.9,13.84,14.02,192.1,,,,,,,,,,,,
 25/04/2017,33.46,33.46,11.45,276.28,35.64,30.31,14.03,186.93,,,,,,,,,,,,
 26/04/2017,33,33,11.46,85.15,36.35,29.04,14.57,191.52,,,,,,,,,,,,
 27/04/2017,32.69,32.69,11.2,259.61,36.24,19.92,14.63,154.2,,,,,,,,,,,,
 28/04/2017,32.27,32.27,11.93,284.53,35.92,12.92,,135.78,,,,,,,,,,,,
 29/04/2017,32.75,32.75,12.13,320.2,29.18,12.57,,151.73,,,,,,,,,,,,
 30/04/2017,33.79,33.79,12.26,325.73,27.88,15.02,,129.14,,,,,,,,,,,,
 01/05/2017,32.87,32.87,12.2,290.54,30.95,16.8,,197.83,,,,,,,,,,,,
 02/05/2017,34.53,34.53,12.51,414.38,12.32,15.56,,176.67,,,,,,,,,,,,
 03/05/2017,34.06,34.06,12.4,222.19,13.33,14.83,,195.39,,,,,,,,,,,,
 04/05/2017,33.88,33.88,12.62,291.09,13.42,25.87,,92.4,,,,,,,,,,,,
 05/05/2017,35.11,35.11,12.66,297.44,13.72,13.89,,190.68,,,,,,,,,,,,
 06/05/2017,37.35,37.35,26.9,282.12,13.27,14.14,,181.2,,,,,,,,,,,,
 07/05/2017,38.92,38.92,13.24,288.64,12.99,14.33,,218.35,,,,,,,,,,,,
 08/05/2017,36.29,36.29,12.72,352.86,12.74,14.45,,190.1,,,,,,,,,,,,
 09/05/2017,36.79,36.79,12.77,386.47,11.9,14.43,,209.21,,,,,,,,,,,,
 10/05/2017,34.53,34.53,12.6,264.02,12.15,13.22,,98.65,,,,,,,,,,,,
 11/05/2017,34.81,34.81,12.74,264.85,12.11,29.72,,188.77,,,,,,,,,,,,
 12/05/2017,38.08,38.08,12.99,278.2,11.88,27.02,,233.05,,,,,,,,,,,,
 13/05/2017,41.28,41.28,15.73,312.44,12.01,9.93,,141.34,,,,,,,,,,,,
 14/05/2017,39.79,39.79,12.45,311.09,12.16,11.26,,166.16,,,,,,,,,,,,
 15/05/2017,38.06,38.06,12.44,305.38,11.97,15.71,,179.69,,,,,,,,,,,,
 16/05/2017,37.78,37.78,12.34,246.8,12.38,18.64,,171.26,,,,,,,,,,,,
 17/05/2017,32.58,32.58,12.45,254.61,12.62,12.13,,140.64,,,,,,,,,,,,
 18/05/2017,34.68,34.68,12.3,203.9,12.93,12.72,,108.73,,,,,,,,,,,,
 19/05/2017,30.53,30.53,13.37,310.09,12.31,14.45,,134.99,,,,,,,,,,,,
 20/05/2017,34.25,34.25,12.42,270.62,12.32,33.67,,142.36,,,,,,,,,,,,
 21/05/2017,36.93,36.93,12.16,185.23,12.27,13.92,,148.79,,,,,,,,,,,,
 22/05/2017,33.23,33.23,12.27,194.22,12.43,14,,134.72,,,,,,,,,,,,
 23/05/2017,34.3,34.3,12.01,171.35,12.32,26.83,,119.27,,,,,,,,,,,,
 24/05/2017,36.26,36.26,12.38,95.96,12.54,15.21,,57.21,,,,,,,,,,,,
 25/05/2017,37.17,37.17,12.24,306.37,12.58,26.56,,40.33,,,,,,,,,,,,
 26/05/2017,42.44,42.44,12.34,257.96,12.91,11.86,,67.87,,,,,,,,,,,,
 27/05/2017,32.93,32.93,12.06,207.77,12.7,12.65,,146.9,,,,,,,,,,,,
 29/05/2017,32.24,32.24,11.79,293.45,12.75,24.2,,68.31,,,,,,,,,,,,
 30/05/2017,31.79,31.79,11.98,278.34,12.62,30.41,,109.44,,,,,,,,,,,,
 31/05/2017,28.98,28.98,11.52,299.48,12.33,57.44,,106.67,,,,,,,,,,,,
 01/06/2017,29.5,29.5,11.93,188.07,12.27,14.2,,153.74,,,,,,,,,,,,
 02/06/2017,34.29,34.29,12.02,267.9,12.1,33.37,,14.29,,,,,,,,,,,,
 03/06/2017,38.5,38.5,11.88,304.17,12.49,27.06,,149.59,,,,,,,,,,,,
 04/06/2017,40.84,40.84,12.68,284.38,12.83,28.13,,102.27,,,,,,,,,,,,
 05/06/2017,40.8,40.8,12.09,245.32,14.65,12.56,,91.8,,,,,,,,,,,,
 06/06/2017,39.12,39.12,12.31,288.61,13.01,13.34,,16.29,,,,,,,,,,,,
 07/06/2017,17.73,17.73,12.62,236.5,12.99,13.57,,60.86,,,,,,,,,,,,
 08/06/2017,30.58,30.58,13.19,235.15,93.67,13.1,,58.92,,,,,,,,,,,,
 09/06/2017,31.78,31.78,12.94,248.08,13.4,13.21,,38.5,,,,,,,,,,,,
 10/06/2017,34.94,34.94,15.98,19.24,13.11,13.04,,52.42,,,,,,,,,,,,
 11/06/2017,34.12,34.12,161.78,345,13.24,12.94,,124.09,,,,,,,,,,,,
 12/06/2017,35.61,35.61,120.34,258.86,13.28,12.91,,106.57,,,,,,,,,,,,
 13/06/2017,37.45,37.45,31.22,189.23,14.47,13.65,,114.22,,,,,,,,,,,,
 14/06/2017,35.21,35.21,17.6,95.09,18.25,13.12,,107.7,,,,,,,,,,,,
 15/06/2017,34.82,34.82,38,247.96,21.84,13.02,,206.96,,,,,,,,,,,,
 16/06/2017,30.3,30.3,26.49,191.77,12.12,12.67,,205,,,,,,,,,,,,
 17/06/2017,32.25,32.25,29.21,231.95,17.7,12.55,,116.38,,,,,,,,,,,,
 18/06/2017,32.61,32.61,17.93,286.28,20.42,16.18,,124.13,,,,,,,,,,,,
 19/06/2017,32.13,32.13,65.87,293.44,12.84,12.69,,65.7,,,,,,,,,,,,
 20/06/2017,31.68,31.68,17.42,238.8,12.5,16.32,,121.15,,,,,,,,,,,,
 21/06/2017,30.64,30.64,16.82,207.36,12.92,29.53,,145.05,,,,,,,,,,,,
 22/06/2017,30.97,30.97,16.86,240.66,12.18,12.98,,143.04,,,,,,,,,,,,
 23/06/2017,33.9,33.9,17.06,242.59,11.84,12.55,,142.55,,,,,,,,,,,,
 24/06/2017,35.64,35.64,21.6,278.25,11.47,12.07,,127.72,,,,,,,,,,,,
 25/06/2017,36.35,36.35,45.77,301.29,11.12,11.85,,79.15,,,,,,,,,,,,
 26/06/2017,36.24,36.24,110.75,258.11,11.26,11.81,,120.38,,,,,,,,,,,,
 27/06/2017,35.92,35.92,23.05,261.1,11.45,12.52,,42.17,,,,,,,,,,,,
 28/06/2017,29.18,29.18,224.6,268.86,11.46,,,,,,,,,,,,,,,
 29/06/2017,27.88,27.88,113.72,198.34,11.2,,,,,,,,,,,,,,,
 30/06/2017,30.95,30.95,66.19,196.64,11.93,,,,,,,,,,,,,,,
 01/07/2017,31.37,31.37,153.56,143.04,12.13,,,,,,,,,,,,,,,
 02/07/2017,29,29,82.77,186.18,12.26,,,,,,,,,,,,,,,
 03/07/2017,28.02,28.02,22.32,209.36,12.2,,,,,,,,,,,,,,,
 04/07/2017,32.83,32.83,119.77,199.9,12.51,,,,,,,,,,,,,,,
 05/07/2017,31.93,31.93,83.53,251.22,12.4,,,,,,,,,,,,,,,
 06/07/2017,31.92,31.92,157.14,163.11,12.62,,,,,,,,,,,,,,,
 07/07/2017,30.33,30.33,185.78,218.16,12.66,,,,,,,,,,,,,,,
 08/07/2017,31.72,31.72,226.56,139.86,26.9,,,,,,,,,,,,,,,
 09/07/2017,34.71,34.71,130.87,157.43,13.24,,,,,,,,,,,,,,,
 10/07/2017,34.46,34.46,170.3,189.21,12.72,,,,,,,,,,,,,,,
 11/07/2017,30.16,30.16,221.7,120.57,12.77,,,,,,,,,,,,,,,
 12/07/2017,28.99,28.99,117.12,101.33,12.6,,,,,,,,,,,,,,,
 13/07/2017,29.79,29.79,100.01,184.17,12.74,,,,,,,,,,,,,,,
 14/07/2017,30.27,30.27,109.07,280.58,12.99,,,,,,,,,,,,,,,
 15/07/2017,31.86,31.86,43.96,193.95,15.73,,,,,,,,,,,,,,,
 16/07/2017,32.24,32.24,61.12,192.6,12.45,,,,,,,,,,,,,,,
 17/07/2017,31.65,31.65,13.49,328.87,12.44,,,,,,,,,,,,,,,
 18/07/2017,31.7,31.7,11.85,10.74,12.34,,,,,,,,,,,,,,,
 19/07/2017,33.77,33.77,13.61,169.11,12.45,,,,,,,,,,,,,,,
 20/07/2017,33.12,33.12,64.36,192.43,12.3,,,,,,,,,,,,,,,
 21/07/2017,29.15,29.15,28.46,193.21,13.37,,,,,,,,,,,,,,,
 22/07/2017,27.68,27.68,28.88,89.12,12.42,,,,,,,,,,,,,,,
 23/07/2017,27.51,27.51,57.89,89.95,12.16,,,,,,,,,,,,,,,
 24/07/2017,28.52,28.52,79.35,134.99,12.27,,,,,,,,,,,,,,,
 25/07/2017,29.2,29.2,14.33,276.03,12.01,,,,,,,,,,,,,,,
 26/07/2017,29.24,29.24,14.34,268.53,12.38,,,,,,,,,,,,,,,
 27/07/2017,29.82,29.82,44.33,236.64,12.24,,,,,,,,,,,,,,,
 28/07/2017,28.95,28.95,24.67,103.69,12.34,,,,,,,,,,,,,,,
 29/07/2017,28.5,28.5,14.48,236.92,12.06,,,,,,,,,,,,,,,
 30/07/2017,29.67,29.67,13.84,126.75,11.79,,,,,,,,,,,,,,,
 31/07/2017,28.57,28.57,30.31,145.1,11.98,,,,,,,,,,,,,,,
 01/08/2017,29.92,29.92,29.04,219.73,11.52,,,,,,,,,,,,,,,
 02/08/2017,28.55,28.55,19.92,249.99,11.93,,,,,,,,,,,,,,,
 03/08/2017,30.29,30.29,12.92,283.11,12.02,,,,,,,,,,,,,,,
 04/08/2017,30.57,30.57,12.57,117.32,11.88,,,,,,,,,,,,,,,
 05/08/2017,31.72,31.72,15.02,230.06,12.68,,,,,,,,,,,,,,,
 06/08/2017,28.95,28.95,16.8,268.65,12.09,,,,,,,,,,,,,,,
 07/08/2017,29.34,29.34,15.56,135.68,12.31,,,,,,,,,,,,,,,
 08/08/2017,29.15,29.15,14.83,157.2,12.62,,,,,,,,,,,,,,,
 09/08/2017,28.6,28.6,25.87,188.01,13.19,,,,,,,,,,,,,,,
 10/08/2017,28.38,28.38,13.89,169.85,12.94,,,,,,,,,,,,,,,
 11/08/2017,30.07,30.07,14.14,135.44,15.98,,,,,,,,,,,,,,,
 12/08/2017,29.58,29.58,14.33,105.31,161.78,,,,,,,,,,,,,,,
 13/08/2017,30.09,30.09,14.45,137.23,120.34,,,,,,,,,,,,,,,
 14/08/2017,30.54,30.54,14.43,67.99,31.22,,,,,,,,,,,,,,,
 15/08/2017,31.94,31.94,13.22,186.17,17.6,,,,,,,,,,,,,,,
 16/08/2017,32.4,32.4,29.72,147.55,38,,,,,,,,,,,,,,,
 17/08/2017,33.14,33.14,27.02,185.64,26.49,,,,,,,,,,,,,,,
 18/08/2017,31.64,31.64,9.93,194.35,29.21,,,,,,,,,,,,,,,
 19/08/2017,29.92,29.92,11.26,179.13,17.93,,,,,,,,,,,,,,,
 20/08/2017,30.61,30.61,15.71,155.02,65.87,,,,,,,,,,,,,,,
 21/08/2017,31.4,31.4,18.64,88.35,17.42,,,,,,,,,,,,,,,
 22/08/2017,31.71,31.71,12.13,199.81,16.82,,,,,,,,,,,,,,,
 23/08/2017,30.53,30.53,12.72,126.04,16.86,,,,,,,,,,,,,,,
 24/08/2017,29.17,29.17,14.45,206.54,17.06,,,,,,,,,,,,,,,
 25/08/2017,27.71,27.71,33.67,160.66,21.6,,,,,,,,,,,,,,,
 26/08/2017,27.85,27.85,13.92,148.73,45.77,,,,,,,,,,,,,,,
 27/08/2017,27.61,27.61,14,129.24,110.75,,,,,,,,,,,,,,,
 28/08/2017,27.13,27.13,26.83,206.5,23.05,,,,,,,,,,,,,,,
 29/08/2017,28.55,28.55,15.21,163.65,224.6,,,,,,,,,,,,,,,
 30/08/2017,28.21,28.21,26.56,128.59,113.72,,,,,,,,,,,,,,,
 04/09/2017,NA,NA,11.86,78.24,66.19,,,,,,,,,,,,,,,
 05/09/2017,29.54,29.54,12.65,154.18,153.56,,,,,,,,,,,,,,,
 06/09/2017,30.73,30.73,24.2,82.94,295.56,,,,,,,,,,,,,,,
 07/09/2017,30.3,30.3,30.41,89.26,156,,,,,,,,,,,,,,,
 08/09/2017,31.61,31.61,57.44,37.28,168.58,,,,,,,,,,,,,,,
 09/09/2017,32.9,32.9,14.2,338.09,189.14,,,,,,,,,,,,,,,
 10/09/2017,34.78,34.78,33.37,242.09,245.23,,,,,,,,,,,,,,,
 11/09/2017,33.06,33.06,27.06,236.07,371.48,,,,,,,,,,,,,,,
 12/09/2017,32.75,32.75,28.13,219.28,327.82,,,,,,,,,,,,,,,
 13/09/2017,32.33,32.33,12.56,246.64,245.85,,,,,,,,,,,,,,,
 14/09/2017,31.12,31.12,13.34,218.01,243.01,,,,,,,,,,,,,,,
 15/09/2017,30.52,30.52,13.57,224.41,231.58,,,,,,,,,,,,,,,
 16/09/2017,32.36,32.36,13.1,223.95,231.4,,,,,,,,,,,,,,,
 17/09/2017,31.99,31.99,13.21,239.47,265.12,,,,,,,,,,,,,,,
 18/09/2017,31.88,31.88,13.04,223.11,256.16,,,,,,,,,,,,,,,
 19/09/2017,32.02,32.02,12.94,190.82,250.82,,,,,,,,,,,,,,,
 20/09/2017,33.24,33.24,12.91,183.54,216.46,,,,,,,,,,,,,,,
 21/09/2017,27.89,27.89,13.65,191.94,270,,,,,,,,,,,,,,,
 22/09/2017,24.91,24.91,13.12,190.89,259.85,,,,,,,,,,,,,,,
 23/09/2017,25.58,25.58,13.02,186.53,242.1,,,,,,,,,,,,,,,
 24/09/2017,4.78,4.78,12.67,156.19,259.32,,,,,,,,,,,,,,,
 25/09/2017,18.76,18.76,12.55,146.42,259.68,,,,,,,,,,,,,,,
 26/09/2017,31.57,31.57,16.18,198.94,237.58,,,,,,,,,,,,,,,
 27/09/2017,32.93,32.93,12.69,204.72,277.91,,,,,,,,,,,,,,,
 03/10/2017,15.38,15.38,16.32,214.8,285.15,,,,,,,,,,,,,,,
 04/10/2017,211.33,211.33,29.53,190.24,272.62,,,,,,,,,,,,,,,
 05/10/2017,213.07,213.07,12.98,191.8,282.87,,,,,,,,,,,,,,,
 06/10/2017,203.25,203.25,12.55,181.2,264.38,,,,,,,,,,,,,,,
 07/10/2017,15.26,15.26,12.07,190.13,274.53,,,,,,,,,,,,,,,
 08/10/2017,15.2,15.2,11.85,145.26,245.98,,,,,,,,,,,,,,,
 09/10/2017,15.05,15.05,11.81,125.52,255.5,,,,,,,,,,,,,,,
 10/10/2017,15.23,15.23,12.52,99.92,262.78,,,,,,,,,,,,,,,
 11/10/2017,15.72,15.72,12.08,176.44,242.38,,,,,,,,,,,,,,,
 12/10/2017,15.23,15.23,11.82,183.27,257.2,,,,,,,,,,,,,,,
 13/10/2017,15.36,15.36,12.83,160.57,244.85,,,,,,,,,,,,,,,
 14/10/2017,15.38,15.38,12.72,126.14,249.35,,,,,,,,,,,,,,,
 15/10/2017,15.14,15.14,12.27,126.93,257.23,,,,,,,,,,,,,,,
 16/10/2017,15.27,15.27,12.54,163.2,241.37,,,,,,,,,,,,,,,
 17/10/2017,15.22,15.22,12.32,65.29,116.82,,,,,,,,,,,,,,,
 18/10/2017,14.89,14.89,11.82,117.83,199.77,,,,,,,,,,,,,,,
 19/10/2017,15.18,15.18,13.23,136.63,265.16,,,,,,,,,,,,,,,
 20/10/2017,15.28,15.28,13.18,164.85,284.17,,,,,,,,,,,,,,,
 21/10/2017,15.3,15.3,13.57,161.19,283.23,,,,,,,,,,,,,,,
 22/10/2017,15.25,15.25,13.57,146.49,295.89,,,,,,,,,,,,,,,
 23/10/2017,15.29,15.29,13.32,147.63,272.02,,,,,,,,,,,,,,,
 24/10/2017,15.14,15.14,12.78,132.19,274.89,,,,,,,,,,,,,,,
 25/10/2017,14.93,14.93,12.54,91.08,272,,,,,,,,,,,,,,,
 26/10/2017,14.88,14.88,12.83,136.66,266.19,,,,,,,,,,,,,,,
 27/10/2017,15.07,15.07,14.81,156.7,279.04,,,,,,,,,,,,,,,
 28/10/2017,15.2,15.2,12.95,169.8,292.14,,,,,,,,,,,,,,,
 29/10/2017,14.87,14.87,12.86,179.9,303.37,,,,,,,,,,,,,,,
 30/10/2017,14.87,14.87,12.89,165.79,279.95,,,,,,,,,,,,,,,
 31/10/2017,14.97,14.97,13.09,157.79,301.35,,,,,,,,,,,,,,,
 01/11/2017,15.15,15.15,12.79,137.79,309.02,,,,,,,,,,,,,,,
 02/11/2017,15.38,15.38,12.25,125.1,262.81,,,,,,,,,,,,,,,
 03/11/2017,15.09,15.09,12.45,218.15,256.91,,,,,,,,,,,,,,,
 04/11/2017,15.01,15.01,12.75,217.13,294.46,,,,,,,,,,,,,,,
 05/11/2017,15.02,15.02,12.76,143.63,310.13,,,,,,,,,,,,,,,
 06/11/2017,15.11,15.11,13.03,121.14,312.45,,,,,,,,,,,,,,,
 07/11/2017,15.1,15.1,13.16,118.9,284.24,,,,,,,,,,,,,,,
 08/11/2017,15.07,15.07,12.98,117.64,282.37,,,,,,,,,,,,,,,
 09/11/2017,14.96,14.96,13.07,80.9,276.68,,,,,,,,,,,,,,,
 10/11/2017,17.41,17.41,13.16,147.84,379.24,,,,,,,,,,,,,,,
 11/11/2017,15.51,15.51,13.05,141.34,384.73,,,,,,,,,,,,,,,
 12/11/2017,15.29,15.29,31.3,166.16,133.89,,,,,,,,,,,,,,,
 13/11/2017,15.12,15.12,14.09,179.69,247.47,,,,,,,,,,,,,,,
 14/11/2017,15.08,15.08,14.03,171.26,295.99,,,,,,,,,,,,,,,
 15/11/2017,14.95,14.95,14.07,140.64,255.58,,,,,,,,,,,,,,,
 16/11/2017,14.98,14.98,13.77,108.73,255.82,,,,,,,,,,,,,,,
 17/11/2017,14.13,14.13,13.66,134.99,269.79,,,,,,,,,,,,,,,
 18/11/2017,13.82,13.82,15.48,142.36,300.66,,,,,,,,,,,,,,,
 19/11/2017,13.92,13.92,15.02,148.79,288.79,,,,,,,,,,,,,,,
 20/11/2017,13.51,13.51,13.74,134.72,284.01,,,,,,,,,,,,,,,
 21/11/2017,13.16,13.16,13.49,119.27,276.28,,,,,,,,,,,,,,,
 22/11/2017,12.88,12.88,13.53,57.21,85.15,,,,,,,,,,,,,,,
 23/11/2017,12.6,12.6,18.08,40.33,259.61,,,,,,,,,,,,,,,
 24/11/2017,12.12,12.12,13.57,67.87,284.53,,,,,,,,,,,,,,,
 25/11/2017,12.35,12.35,14.13,146.9,320.2,,,,,,,,,,,,,,,
 26/11/2017,13.07,13.07,14.24,68.31,325.73,,,,,,,,,,,,,,,
 27/11/2017,12.28,12.28,14.53,109.44,290.54,,,,,,,,,,,,,,,
 28/11/2017,12.34,12.34,14.61,106.67,414.38,,,,,,,,,,,,,,,
 29/11/2017,11.63,11.63,14.44,153.74,222.19,,,,,,,,,,,,,,,
 30/11/2017,11.25,11.25,14.16,14.29,291.09,,,,,,,,,,,,,,,
 01/12/2017,11.48,11.48,13.94,149.59,297.44,,,,,,,,,,,,,,,
 02/12/2017,11.36,11.36,13.99,102.27,282.12,,,,,,,,,,,,,,,
 03/12/2017,11.59,11.59,14,91.8,288.64,,,,,,,,,,,,,,,
 04/12/2017,11.43,11.43,14.02,16.29,352.86,,,,,,,,,,,,,,,
 05/12/2017,13.03,13.03,14.03,60.86,386.47,,,,,,,,,,,,,,,
 06/12/2017,12.33,12.33,14.57,58.92,264.02,,,,,,,,,,,,,,,
 07/12/2017,11.94,11.94,14.63,38.5,264.85,,,,,,,,,,,,,,,
 08/12/2017,11.77,11.77,,52.42,278.2,,,,,,,,,,,,,,,
 09/12/2017,11.9,11.9,,124.09,312.44,,,,,,,,,,,,,,,
 10/12/2017,11.63,11.63,,,311.09,,,,,,,,,,,,,,,
 11/12/2017,11.79,11.79,,,305.38,,,,,,,,,,,,,,,
 12/12/2017,12.27,12.27,,,246.8,,,,,,,,,,,,,,,
 13/12/2017,15.33,15.33,,,254.61,,,,,,,,,,,,,,,
 14/12/2017,14.73,14.73,,,203.9,,,,,,,,,,,,,,,
 15/12/2017,11.76,11.76,,,310.09,,,,,,,,,,,,,,,
 16/12/2017,11.54,11.54,,,270.62,,,,,,,,,,,,,,,
 17/12/2017,11.82,11.82,,,185.23,,,,,,,,,,,,,,,
 18/12/2017,11.6,11.6,,,194.22,,,,,,,,,,,,,,,
 19/12/2017,11.28,11.28,,,171.35,,,,,,,,,,,,,,,
 20/12/2017,11.43,11.43,,,95.96,,,,,,,,,,,,,,,
 21/12/2017,13.71,13.71,,,306.37,,,,,,,,,,,,,,,
 22/12/2017,11.97,11.97,,,257.96,,,,,,,,,,,,,,,
 23/12/2017,11.95,11.95,,,207.77,,,,,,,,,,,,,,,
 24/12/2017,11.91,11.91,,,293.45,,,,,,,,,,,,,,,
 26/12/2017,11.75,11.75,,,278.34,,,,,,,,,,,,,,,
 27/12/2017,11.85,11.85,,,299.48,,,,,,,,,,,,,,,
 28/12/2017,11.8,11.8,,,188.07,,,,,,,,,,,,,,,
 29/12/2017,11.97,11.97,,,267.9,,,,,,,,,,,,,,,
 30/12/2017,14.88,14.88,,,304.17,,,,,,,,,,,,,,,
 31/12/2017,17.62,17.62,,,284.38,,,,,,,,,,,,,,,
 01/01/2018,17.69,,,,245.32,,,,,,,,,,,,,,,
 02/01/2018,15.69,,,,288.61,,,,,,,,,,,,,,,
 03/01/2018,12.14,,,,236.5,,,,,,,,,,,,,,,
 04/01/2018,14.36,,,,235.15,,,,,,,,,,,,,,,
 05/01/2018,13.45,,,,248.08,,,,,,,,,,,,,,,
 06/01/2018,12.92,,,,19.24,,,,,,,,,,,,,,,
 07/01/2018,11.59,,,,345,,,,,,,,,,,,,,,
 08/01/2018,11.58,,,,258.86,,,,,,,,,,,,,,,
 09/01/2018,11.56,,,,189.23,,,,,,,,,,,,,,,
 10/01/2018,11.39,,,,95.09,,,,,,,,,,,,,,,
 11/01/2018,11.62,,,,247.96,,,,,,,,,,,,,,,
 12/01/2018,11.55,,,,191.77,,,,,,,,,,,,,,,
 13/01/2018,11.54,,,,231.95,,,,,,,,,,,,,,,
 14/01/2018,11.59,,,,286.28,,,,,,,,,,,,,,,
 15/01/2018,11.52,,,,293.44,,,,,,,,,,,,,,,
 16/01/2018,11.54,,,,238.8,,,,,,,,,,,,,,,
 17/01/2018,11.35,,,,207.36,,,,,,,,,,,,,,,
 18/01/2018,12.28,,,,240.66,,,,,,,,,,,,,,,
 19/01/2018,11.37,,,,242.59,,,,,,,,,,,,,,,
 20/01/2018,11.81,,,,278.25,,,,,,,,,,,,,,,
 21/01/2018,11.62,,,,301.29,,,,,,,,,,,,,,,
 22/01/2018,11.66,,,,258.11,,,,,,,,,,,,,,,
 23/01/2018,13.63,,,,261.1,,,,,,,,,,,,,,,
 24/01/2018,16.79,,,,268.86,,,,,,,,,,,,,,,
 25/01/2018,13.6,,,,198.34,,,,,,,,,,,,,,,
 26/01/2018,12.02,,,,196.64,,,,,,,,,,,,,,,
 27/01/2018,13.47,,,,143.04,,,,,,,,,,,,,,,
 28/01/2018,12.93,,,,186.18,,,,,,,,,,,,,,,
 29/01/2018,11.94,,,,209.36,,,,,,,,,,,,,,,
 30/01/2018,11.97,,,,199.9,,,,,,,,,,,,,,,
 31/01/2018,11.88,,,,251.22,,,,,,,,,,,,,,,
 01/02/2018,11.82,,,,163.11,,,,,,,,,,,,,,,
 02/02/2018,12.09,,,,218.16,,,,,,,,,,,,,,,
 03/02/2018,11.97,,,,139.86,,,,,,,,,,,,,,,
 04/02/2018,11.69,,,,157.43,,,,,,,,,,,,,,,
 05/02/2018,11.43,,,,189.21,,,,,,,,,,,,,,,
 06/02/2018,11.3,,,,120.57,,,,,,,,,,,,,,,
 07/02/2018,11.22,,,,101.33,,,,,,,,,,,,,,,
 08/02/2018,11.05,,,,184.17,,,,,,,,,,,,,,,
 09/02/2018,11.16,,,,280.58,,,,,,,,,,,,,,,
 10/02/2018,11.21,,,,193.95,,,,,,,,,,,,,,,
 11/02/2018,10.81,,,,192.6,,,,,,,,,,,,,,,
 12/02/2018,11.26,,,,328.87,,,,,,,,,,,,,,,
 13/02/2018,11.7,,,,10.74,,,,,,,,,,,,,,,
 14/02/2018,11.78,,,,169.11,,,,,,,,,,,,,,,
 15/02/2018,11.65,,,,192.43,,,,,,,,,,,,,,,
 16/02/2018,11.83,,,,193.21,,,,,,,,,,,,,,,
 17/02/2018,12.09,,,,89.12,,,,,,,,,,,,,,,
 18/02/2018,12.21,,,,89.95,,,,,,,,,,,,,,,
 19/02/2018,12.15,,,,134.99,,,,,,,,,,,,,,,
 20/02/2018,12.21,,,,276.03,,,,,,,,,,,,,,,
 21/02/2018,12.22,,,,268.53,,,,,,,,,,,,,,,
 22/02/2018,12.4,,,,236.64,,,,,,,,,,,,,,,
 23/02/2018,12.36,,,,103.69,,,,,,,,,,,,,,,
 24/02/2018,12.41,,,,236.92,,,,,,,,,,,,,,,
 25/02/2018,12.35,,,,126.75,,,,,,,,,,,,,,,
 26/02/2018,12.38,,,,145.1,,,,,,,,,,,,,,,
 27/02/2018,12.36,,,,219.73,,,,,,,,,,,,,,,
 28/02/2018,12.47,,,,249.99,,,,,,,,,,,,,,,
 01/03/2018,12.32,,,,283.11,,,,,,,,,,,,,,,
 02/03/2018,13.33,,,,117.32,,,,,,,,,,,,,,,
 03/03/2018,13.42,,,,230.06,,,,,,,,,,,,,,,
 04/03/2018,13.72,,,,268.65,,,,,,,,,,,,,,,
 05/03/2018,13.27,,,,135.68,,,,,,,,,,,,,,,
 06/03/2018,12.99,,,,157.2,,,,,,,,,,,,,,,
 07/03/2018,12.74,,,,188.01,,,,,,,,,,,,,,,
 08/03/2018,11.9,,,,169.85,,,,,,,,,,,,,,,
 09/03/2018,12.15,,,,135.44,,,,,,,,,,,,,,,
 10/03/2018,12.11,,,,105.31,,,,,,,,,,,,,,,
 11/03/2018,11.88,,,,137.23,,,,,,,,,,,,,,,
 12/03/2018,12.01,,,,67.99,,,,,,,,,,,,,,,
 13/03/2018,12.16,,,,186.17,,,,,,,,,,,,,,,
 14/03/2018,11.97,,,,147.55,,,,,,,,,,,,,,,
 15/03/2018,12.38,,,,185.64,,,,,,,,,,,,,,,
 16/03/2018,12.62,,,,194.35,,,,,,,,,,,,,,,
 17/03/2018,12.93,,,,179.13,,,,,,,,,,,,,,,
 18/03/2018,12.31,,,,155.02,,,,,,,,,,,,,,,
 19/03/2018,12.32,,,,88.35,,,,,,,,,,,,,,,
 20/03/2018,12.27,,,,199.81,,,,,,,,,,,,,,,
 21/03/2018,12.43,,,,126.04,,,,,,,,,,,,,,,
 22/03/2018,12.32,,,,206.54,,,,,,,,,,,,,,,
 23/03/2018,12.54,,,,160.66,,,,,,,,,,,,,,,
 24/03/2018,12.58,,,,148.73,,,,,,,,,,,,,,,
 25/03/2018,12.91,,,,129.24,,,,,,,,,,,,,,,
 26/03/2018,12.7,,,,206.5,,,,,,,,,,,,,,,
 27/03/2018,12.75,,,,163.65,,,,,,,,,,,,,,,
 28/03/2018,12.62,,,,128.59,,,,,,,,,,,,,,,
 29/03/2018,12.33,,,,78.24,,,,,,,,,,,,,,,
 30/03/2018,12.27,,,,154.18,,,,,,,,,,,,,,,
 31/03/2018,12.1,,,,82.94,,,,,,,,,,,,,,,
 01/04/2018,12.49,,,,89.26,,,,,,,,,,,,,,,
 02/04/2018,12.83,,,,37.28,,,,,,,,,,,,,,,
 03/04/2018,14.65,25.85274788,23.02462236,190.4361562,119.4323991,33.47693182,19.19735043,55.87101695,,,,,,,,,,,,
 04/04/2018,13.01,213.07,226.56,414.38,414.38,226.56,213.07,233.05,,,,,,,,,,,,
 05/04/2018,12.99,4.78,9.93,9.81,10.74,4.78,11.25,9.81,,,,,,,,,,,,
 06/04/2018,93.67,19.32944313,32.45270073,88.26126715,113.7306381,33.68666979,31.03034639,65.98772373,,,,,,,,,,,,
 07/04/2018,13.4,,,,,,,,,,,,,,,,,,,
 08/04/2018,13.11,,,,,,,,,,,,,,,,,,,
 09/04/2018,13.24,,,,,,,,,,,,,,,,,,,
 10/04/2018,13.28,,,,,,,,,,,,,,,,,,,
 11/04/2018,14.47,,,,,,,,,,,,,,,,,,,
 12/04/2018,18.25,,,,,,,,,,,,,,,,,,,
 13/04/2018,21.84,,,,,,,,,,,,,,,,,,,
 14/04/2018,12.12,,,,,,,,,,,,,,,,,,,
 15/04/2018,17.7,,,,,,,,,,,,,,,,,,,
 16/04/2018,20.42,,,,,,,,,,,,,,,,,,,
 17/04/2018,12.84,,,,,,,,,,,,,,,,,,,
 18/04/2018,12.5,,,,,,,,,,,,,,,,,,,
 19/04/2018,12.92,,,,,,,,,,,,,,,,,,,
 20/04/2018,12.18,,,,,,,,,,,,,,,,,,,
 21/04/2018,11.84,,,,,,,,,,,,,,,,,,,
 22/04/2018,11.47,,,,,,,,,,,,,,,,,,,
 23/04/2018,11.12,,,,,,,,,,,,,,,,,,,
 24/04/2018,11.26,,,,,,,,,,,,,,,,,,,
 25/04/2018,11.45,,,,,,,,,,,,,,,,,,,
 26/04/2018,11.46,,,,,,,,,,,,,,,,,,,
 27/04/2018,11.2,,,,,,,,,,,,,,,,,,,
 28/04/2018,11.93,,,,,,,,,,,,,,,,,,,
 29/04/2018,12.13,,,,,,,,,,,,,,,,,,,
 30/04/2018,12.26,,,,,,,,,,,,,,,,,,,
 01/05/2018,12.2,,,,,,,,,,,,,,,,,,,
 02/05/2018,12.51,,,,,,,,,,,,,,,,,,,
 03/05/2018,12.4,,,,,,,,,,,,,,,,,,,
 04/05/2018,12.62,,,,,,,,,,,,,,,,,,,
 05/05/2018,12.66,,,,,,,,,,,,,,,,,,,
 06/05/2018,26.9,,,,,,,,,,,,,,,,,,,
 07/05/2018,13.24,,,,,,,,,,,,,,,,,,,
 08/05/2018,12.72,,,,,,,,,,,,,,,,,,,
 09/05/2018,12.77,,,,,,,,,,,,,,,,,,,
 10/05/2018,12.6,,,,,,,,,,,,,,,,,,,
 11/05/2018,12.74,,,,,,,,,,,,,,,,,,,
 12/05/2018,12.99,,,,,,,,,,,,,,,,,,,
 13/05/2018,15.73,,,,,,,,,,,,,,,,,,,
 14/05/2018,12.45,,,,,,,,,,,,,,,,,,,
 15/05/2018,12.44,,,,,,,,,,,,,,,,,,,
 16/05/2018,12.34,,,,,,,,,,,,,,,,,,,
 17/05/2018,12.45,,,,,,,,,,,,,,,,,,,
 18/05/2018,12.3,,,,,,,,,,,,,,,,,,,
 19/05/2018,13.37,,,,,,,,,,,,,,,,,,,
 20/05/2018,12.42,,,,,,,,,,,,,,,,,,,
 21/05/2018,12.16,,,,,,,,,,,,,,,,,,,
 22/05/2018,12.27,,,,,,,,,,,,,,,,,,,
 23/05/2018,12.01,,,,,,,,,,,,,,,,,,,
 24/05/2018,12.38,,,,,,,,,,,,,,,,,,,
 25/05/2018,12.24,,,,,,,,,,,,,,,,,,,
 26/05/2018,12.34,,,,,,,,,,,,,,,,,,,
 27/05/2018,12.06,,,,,,,,,,,,,,,,,,,
 28/05/2018,11.79,,,,,,,,,,,,,,,,,,,
 29/05/2018,11.98,,,,,,,,,,,,,,,,,,,
 30/05/2018,11.52,,,,,,,,,,,,,,,,,,,
 31/05/2018,11.93,,,,,,,,,,,,,,,,,,,
 01/06/2018,12.02,,,,,,,,,,,,,,,,,,,
 02/06/2018,11.88,,,,,,,,,,,,,,,,,,,
 03/06/2018,12.68,,,,,,,,,,,,,,,,,,,
 04/06/2018,12.09,,,,,,,,,,,,,,,,,,,
 05/06/2018,12.31,,,,,,,,,,,,,,,,,,,
 06/06/2018,12.62,,,,,,,,,,,,,,,,,,,
 07/06/2018,13.19,,,,,,,,,,,,,,,,,,,
 08/06/2018,12.94,,,,,,,,,,,,,,,,,,,
 09/06/2018,15.98,,,,,,,,,,,,,,,,,,,
 10/06/2018,161.78,,,,,,,,,,,,,,,,,,,
 11/06/2018,120.34,,,,,,,,,,,,,,,,,,,
 12/06/2018,31.22,,,,,,,,,,,,,,,,,,,
 13/06/2018,17.6,,,,,,,,,,,,,,,,,,,
 14/06/2018,38,,,,,,,,,,,,,,,,,,,
 15/06/2018,26.49,,,,,,,,,,,,,,,,,,,
 16/06/2018,29.21,,,,,,,,,,,,,,,,,,,
 17/06/2018,17.93,,,,,,,,,,,,,,,,,,,
 18/06/2018,65.87,,,,,,,,,,,,,,,,,,,
 19/06/2018,17.42,,,,,,,,,,,,,,,,,,,
 20/06/2018,16.82,,,,,,,,,,,,,,,,,,,
 21/06/2018,16.86,,,,,,,,,,,,,,,,,,,
 22/06/2018,17.06,,,,,,,,,,,,,,,,,,,
 23/06/2018,21.6,,,,,,,,,,,,,,,,,,,
 24/06/2018,45.77,,,,,,,,,,,,,,,,,,,
 25/06/2018,110.75,,,,,,,,,,,,,,,,,,,
 26/06/2018,23.05,,,,,,,,,,,,,,,,,,,
 27/06/2018,224.6,,,,,,,,,,,,,,,,,,,
 28/06/2018,113.72,,,,,,,,,,,,,,,,,,,
 29/06/2018,66.19,,,,,,,,,,,,,,,,,,,
 30/06/2018,153.56,,,,,,,,,,,,,,,,,,,
 01/07/2018,82.77,,,,,,,,,,,,,,,,,,,
 02/07/2018,22.32,,,,,,,,,,,,,,,,,,,
 03/07/2018,119.77,,,,,,,,,,,,,,,,,,,
 04/07/2018,83.53,,,,,,,,,,,,,,,,,,,
 05/07/2018,157.14,,,,,,,,,,,,,,,,,,,
 06/07/2018,185.78,,,,,,,,,,,,,,,,,,,
 07/07/2018,226.56,,,,,,,,,,,,,,,,,,,
 08/07/2018,130.87,,,,,,,,,,,,,,,,,,,
 09/07/2018,170.3,,,,,,,,,,,,,,,,,,,
 10/07/2018,221.7,,,,,,,,,,,,,,,,,,,
 11/07/2018,117.12,,,,,,,,,,,,,,,,,,,
 12/07/2018,100.01,,,,,,,,,,,,,,,,,,,
 13/07/2018,109.07,,,,,,,,,,,,,,,,,,,
 14/07/2018,43.96,,,,,,,,,,,,,,,,,,,
 15/07/2018,61.12,,,,,,,,,,,,,,,,,,,
 16/07/2018,13.49,,,,,,,,,,,,,,,,,,,
 17/07/2018,11.85,,,,,,,,,,,,,,,,,,,
 18/07/2018,13.61,,,,,,,,,,,,,,,,,,,
 19/07/2018,64.36,,,,,,,,,,,,,,,,,,,
 20/07/2018,28.46,,,,,,,,,,,,,,,,,,,
 21/07/2018,28.88,,,,,,,,,,,,,,,,,,,
 22/07/2018,57.89,,,,,,,,,,,,,,,,,,,
 23/07/2018,79.35,,,,,,,,,,,,,,,,,,,
 24/07/2018,14.33,,,,,,,,,,,,,,,,,,,
 25/07/2018,14.34,,,,,,,,,,,,,,,,,,,
 26/07/2018,44.33,,,,,,,,,,,,,,,,,,,
 27/07/2018,24.67,,,,,,,,,,,,,,,,,,,
 28/07/2018,14.48,,,,,,,,,,,,,,,,,,,
 29/07/2018,13.84,,,,,,,,,,,,,,,,,,,
 30/07/2018,30.31,,,,,,,,,,,,,,,,,,,
 31/07/2018,29.04,,,,,,,,,,,,,,,,,,,
 01/08/2018,19.92,,,,,,,,,,,,,,,,,,,
 02/08/2018,12.92,,,,,,,,,,,,,,,,,,,
 03/08/2018,12.57,,,,,,,,,,,,,,,,,,,
 04/08/2018,15.02,,,,,,,,,,,,,,,,,,,
 05/08/2018,16.8,,,,,,,,,,,,,,,,,,,
 06/08/2018,15.56,,,,,,,,,,,,,,,,,,,
 07/08/2018,14.83,,,,,,,,,,,,,,,,,,,
 08/08/2018,25.87,,,,,,,,,,,,,,,,,,,
 09/08/2018,13.89,,,,,,,,,,,,,,,,,,,
 10/08/2018,14.14,,,,,,,,,,,,,,,,,,,
 11/08/2018,14.33,,,,,,,,,,,,,,,,,,,
 12/08/2018,14.45,,,,,,,,,,,,,,,,,,,
 13/08/2018,14.43,,,,,,,,,,,,,,,,,,,
 14/08/2018,13.22,,,,,,,,,,,,,,,,,,,
 15/08/2018,29.72,,,,,,,,,,,,,,,,,,,
 16/08/2018,27.02,,,,,,,,,,,,,,,,,,,
 17/08/2018,9.93,,,,,,,,,,,,,,,,,,,
 18/08/2018,11.26,,,,,,,,,,,,,,,,,,,
 19/08/2018,15.71,,,,,,,,,,,,,,,,,,,
 20/08/2018,18.64,,,,,,,,,,,,,,,,,,,
 21/08/2018,12.13,,,,,,,,,,,,,,,,,,,
 22/08/2018,12.72,,,,,,,,,,,,,,,,,,,
 23/08/2018,14.45,,,,,,,,,,,,,,,,,,,
 24/08/2018,33.67,,,,,,,,,,,,,,,,,,,
 25/08/2018,13.92,,,,,,,,,,,,,,,,,,,
 26/08/2018,14,,,,,,,,,,,,,,,,,,,
 27/08/2018,26.83,,,,,,,,,,,,,,,,,,,
 28/08/2018,15.21,,,,,,,,,,,,,,,,,,,
 29/08/2018,26.56,,,,,,,,,,,,,,,,,,,
 30/08/2018,11.86,,,,,,,,,,,,,,,,,,,
 31/08/2018,12.65,,,,,,,,,,,,,,,,,,,
 01/09/2018,24.2,,,,,,,,,,,,,,,,,,,
 02/09/2018,30.41,,,,,,,,,,,,,,,,,,,
 03/09/2018,57.44,,,,,,,,,,,,,,,,,,,
 04/09/2018,14.2,,,,,,,,,,,,,,,,,,,
 05/09/2018,33.37,,,,,,,,,,,,,,,,,,,
 06/09/2018,27.06,,,,,,,,,,,,,,,,,,,
 07/09/2018,28.13,,,,,,,,,,,,,,,,,,,
 08/09/2018,12.56,,,,,,,,,,,,,,,,,,,
 09/09/2018,13.34,,,,,,,,,,,,,,,,,,,
 10/09/2018,13.57,,,,,,,,,,,,,,,,,,,
 11/09/2018,13.1,,,,,,,,,,,,,,,,,,,
 12/09/2018,13.21,,,,,,,,,,,,,,,,,,,
 13/09/2018,13.04,,,,,,,,,,,,,,,,,,,
 14/09/2018,12.94,,,,,,,,,,,,,,,,,,,
 15/09/2018,12.91,,,,,,,,,,,,,,,,,,,
 16/09/2018,13.65,,,,,,,,,,,,,,,,,,,
 17/09/2018,13.12,,,,,,,,,,,,,,,,,,,
 18/09/2018,13.02,,,,,,,,,,,,,,,,,,,
 19/09/2018,12.67,,,,,,,,,,,,,,,,,,,
 20/09/2018,12.55,,,,,,,,,,,,,,,,,,,
 21/09/2018,16.18,,,,,,,,,,,,,,,,,,,
 22/09/2018,12.69,,,,,,,,,,,,,,,,,,,
 23/09/2018,16.32,,,,,,,,,,,,,,,,,,,
 24/09/2018,29.53,,,,,,,,,,,,,,,,,,,
 25/09/2018,12.98,,,,,,,,,,,,,,,,,,,
 26/09/2018,12.55,,,,,,,,,,,,,,,,,,,
 27/09/2018,12.07,,,,,,,,,,,,,,,,,,,
 28/09/2018,11.85,,,,,,,,,,,,,,,,,,,
 29/09/2018,11.81,,,,,,,,,,,,,,,,,,,
 30/09/2018,12.52,,,,,,,,,,,,,,,,,,,
 01/10/2018,12.08,,,,,,,,,,,,,,,,,,,
 02/10/2018,11.82,,,,,,,,,,,,,,,,,,,
 03/10/2018,12.83,,,,,,,,,,,,,,,,,,,
 04/10/2018,12.72,,,,,,,,,,,,,,,,,,,
 05/10/2018,12.27,,,,,,,,,,,,,,,,,,,
 06/10/2018,12.54,,,,,,,,,,,,,,,,,,,
 07/10/2018,12.32,,,,,,,,,,,,,,,,,,,
 08/10/2018,11.82,,,,,,,,,,,,,,,,,,,
 09/10/2018,13.23,,,,,,,,,,,,,,,,,,,
 11/10/2018,13.18,,,,,,,,,,,,,,,,,,,
 12/10/2018,13.57,,,,,,,,,,,,,,,,,,,
 13/10/2018,13.57,,,,,,,,,,,,,,,,,,,
 14/10/2018,13.32,,,,,,,,,,,,,,,,,,,
 15/10/2018,12.78,,,,,,,,,,,,,,,,,,,
 16/10/2018,12.54,,,,,,,,,,,,,,,,,,,
 17/10/2018,12.83,,,,,,,,,,,,,,,,,,,
 18/10/2018,14.81,,,,,,,,,,,,,,,,,,,
 19/10/2018,12.95,,,,,,,,,,,,,,,,,,,
 20/10/2018,12.86,,,,,,,,,,,,,,,,,,,
 21/10/2018,12.89,,,,,,,,,,,,,,,,,,,
 22/10/2018,13.09,,,,,,,,,,,,,,,,,,,
 23/10/2018,12.79,,,,,,,,,,,,,,,,,,,
 24/10/2018,12.25,,,,,,,,,,,,,,,,,,,
 25/10/2018,12.45,,,,,,,,,,,,,,,,,,,
 26/10/2018,12.75,,,,,,,,,,,,,,,,,,,
 27/10/2018,12.76,,,,,,,,,,,,,,,,,,,
 28/10/2018,13.03,,,,,,,,,,,,,,,,,,,
 29/10/2018,13.16,,,,,,,,,,,,,,,,,,,
 30/10/2018,12.98,,,,,,,,,,,,,,,,,,,
 31/10/2018,13.07,,,,,,,,,,,,,,,,,,,
 01/11/2018,13.16,,,,,,,,,,,,,,,,,,,
 02/11/2018,13.05,,,,,,,,,,,,,,,,,,,
 03/11/2018,31.3,,,,,,,,,,,,,,,,,,,
 04/11/2018,14.09,,,,,,,,,,,,,,,,,,,
 05/11/2018,14.03,,,,,,,,,,,,,,,,,,,
 06/11/2018,14.07,,,,,,,,,,,,,,,,,,,
 07/11/2018,13.77,,,,,,,,,,,,,,,,,,,
 08/11/2018,13.66,,,,,,,,,,,,,,,,,,,
 09/11/2018,15.48,,,,,,,,,,,,,,,,,,,
 10/11/2018,15.02,,,,,,,,,,,,,,,,,,,
 11/11/2018,13.74,,,,,,,,,,,,,,,,,,,
 12/11/2018,13.49,,,,,,,,,,,,,,,,,,,
 13/11/2018,13.53,,,,,,,,,,,,,,,,,,,
 14/11/2018,18.08,,,,,,,,,,,,,,,,,,,
 15/11/2018,13.57,,,,,,,,,,,,,,,,,,,
 16/11/2018,14.13,,,,,,,,,,,,,,,,,,,
 17/11/2018,14.24,,,,,,,,,,,,,,,,,,,
 18/11/2018,14.53,,,,,,,,,,,,,,,,,,,
 19/11/2018,14.61,,,,,,,,,,,,,,,,,,,
 20/11/2018,14.44,,,,,,,,,,,,,,,,,,,
 21/11/2018,14.16,,,,,,,,,,,,,,,,,,,
 22/11/2018,13.94,,,,,,,,,,,,,,,,,,,
 23/11/2018,13.99,,,,,,,,,,,,,,,,,,,
 24/11/2018,14,,,,,,,,,,,,,,,,,,,
 25/11/2018,14.02,,,,,,,,,,,,,,,,,,,
 26/11/2018,14.03,,,,,,,,,,,,,,,,,,,
 27/11/2018,14.57,,,,,,,,,,,,,,,,,,,
 28/11/2018,14.63,,,,,,,,,,,,,,,,,,,
 17/01/2019,10.2,,,,,,,,,,,,,,,,,,,
 18/01/2019,10.5,,,,,,,,,,,,,,,,,,,
 19/01/2019,10.7,,,,,,,,,,,,,,,,,,,
 20/01/2019,10.5,,,,,,,,,,,,,,,,,,,
 21/01/2019,11.43,,,,,,,,,,,,,,,,,,,
 22/01/2019,12.1,,,,,,,,,,,,,,,,,,,
 23/01/2019,11.27,,,,,,,,,,,,,,,,,,,
 24/01/2019,11.6,,,,,,,,,,,,,,,,,,,
 25/01/2019,11.34,,,,,,,,,,,,,,,,,,,
 26/01/2019,10.5,,,,,,,,,,,,,,,,,,,
 27/01/2019,10.3,,,,,,,,,,,,,,,,,,,
 28/01/2019,10.09,,,,,,,,,,,,,,,,,,,
 29/01/2019,9.98,,,,,,,,,,,,,,,,,,,
 30/01/2019,9.81,,,,,,,,,,,,,,,,,,,
 31/01/2019,10.58,,,,,,,,,,,,,,,,,,,
 01/02/2019,10.99,,,,,,,,,,,,,,,,,,,
 02/02/2019,9.97,,,,,,,,,,,,,,,,,,,
 03/02/2019,11,,,,,,,,,,,,,,,,,,,
 04/02/2019,11.03,,,,,,,,,,,,,,,,,,,
 05/02/2019,11.19,,,,,,,,,,,,,,,,,,,
 06/02/2019,11.14,,,,,,,,,,,,,,,,,,,
 07/02/2019,12.72,,,,,,,,,,,,,,,,,,,
 08/02/2019,18.8,,,,,,,,,,,,,,,,,,,
 09/02/2019,209.36,,,,,,,,,,,,,,,,,,,
 10/02/2019,192.1,,,,,,,,,,,,,,,,,,,
 11/02/2019,186.93,,,,,,,,,,,,,,,,,,,
 12/02/2019,191.52,,,,,,,,,,,,,,,,,,,
 13/02/2019,154.2,,,,,,,,,,,,,,,,,,,
 14/02/2019,135.78,,,,,,,,,,,,,,,,,,,
 15/02/2019,151.73,,,,,,,,,,,,,,,,,,,
 16/02/2019,129.14,,,,,,,,,,,,,,,,,,,
 17/02/2019,197.83,,,,,,,,,,,,,,,,,,,
 18/02/2019,176.67,,,,,,,,,,,,,,,,,,,
 19/02/2019,195.39,,,,,,,,,,,,,,,,,,,
 20/02/2019,92.4,,,,,,,,,,,,,,,,,,,
 21/02/2019,190.68,,,,,,,,,,,,,,,,,,,
 22/02/2019,181.2,,,,,,,,,,,,,,,,,,,
 23/02/2019,218.35,,,,,,,,,,,,,,,,,,,
 24/02/2019,190.1,,,,,,,,,,,,,,,,,,,
 25/02/2019,209.21,,,,,,,,,,,,,,,,,,,
 26/02/2019,98.65,,,,,,,,,,,,,,,,,,,
 27/02/2019,188.77,,,,,,,,,,,,,,,,,,,
 28/02/2019,233.05,,,,,,,,,,,,,,,,,,,
 01/03/2019,295.56,,,,,,,,,,,,,,,,,,,
 12/03/2019,156,,,,,,,,,,,,,,,,,,,
 13/03/2019,168.58,,,,,,,,,,,,,,,,,,,
 14/03/2019,189.14,,,,,,,,,,,,,,,,,,,
 15/03/2019,245.23,,,,,,,,,,,,,,,,,,,
 16/03/2019,371.48,,,,,,,,,,,,,,,,,,,
 17/03/2019,327.82,,,,,,,,,,,,,,,,,,,
 18/03/2019,245.85,,,,,,,,,,,,,,,,,,,
 19/03/2019,243.01,,,,,,,,,,,,,,,,,,,
 20/03/2019,231.58,,,,,,,,,,,,,,,,,,,
 21/03/2019,231.4,,,,,,,,,,,,,,,,,,,
 22/03/2019,265.12,,,,,,,,,,,,,,,,,,,
 23/03/2019,256.16,,,,,,,,,,,,,,,,,,,
 24/03/2019,250.82,,,,,,,,,,,,,,,,,,,
 25/03/2019,216.46,,,,,,,,,,,,,,,,,,,
 26/03/2019,270,,,,,,,,,,,,,,,,,,,
 27/03/2019,259.85,,,,,,,,,,,,,,,,,,,
 28/03/2019,242.1,,,,,,,,,,,,,,,,,,,
 29/03/2019,259.32,,,,,,,,,,,,,,,,,,,
 30/03/2019,259.68,,,,,,,,,,,,,,,,,,,
 31/03/2019,237.58,,,,,,,,,,,,,,,,,,,
 01/04/2019,277.91,,,,,,,,,,,,,,,,,,,
 02/04/2019,285.15,,,,,,,,,,,,,,,,,,,
 03/04/2019,272.62,,,,,,,,,,,,,,,,,,,
 04/04/2019,282.87,,,,,,,,,,,,,,,,,,,
 05/04/2019,264.38,,,,,,,,,,,,,,,,,,,
 06/04/2019,274.53,,,,,,,,,,,,,,,,,,,
 07/04/2019,245.98,,,,,,,,,,,,,,,,,,,
 08/04/2019,255.5,,,,,,,,,,,,,,,,,,,
 09/04/2019,262.78,,,,,,,,,,,,,,,,,,,
 10/04/2019,242.38,,,,,,,,,,,,,,,,,,,
 11/04/2019,257.2,,,,,,,,,,,,,,,,,,,
 12/04/2019,244.85,,,,,,,,,,,,,,,,,,,
 13/04/2019,249.35,,,,,,,,,,,,,,,,,,,
 14/04/2019,257.23,,,,,,,,,,,,,,,,,,,
 15/04/2019,241.37,,,,,,,,,,,,,,,,,,,
 16/04/2019,116.82,,,,,,,,,,,,,,,,,,,
 17/04/2019,199.77,,,,,,,,,,,,,,,,,,,
 18/04/2019,265.16,,,,,,,,,,,,,,,,,,,
 19/04/2019,284.17,,,,,,,,,,,,,,,,,,,
 20/04/2019,283.23,,,,,,,,,,,,,,,,,,,
 21/04/2019,295.89,,,,,,,,,,,,,,,,,,,
 22/04/2019,272.02,,,,,,,,,,,,,,,,,,,
 23/04/2019,274.89,,,,,,,,,,,,,,,,,,,
 24/04/2019,272,,,,,,,,,,,,,,,,,,,
 25/04/2019,266.19,,,,,,,,,,,,,,,,,,,
 26/04/2019,279.04,,,,,,,,,,,,,,,,,,,
 27/04/2019,292.14,,,,,,,,,,,,,,,,,,,
 28/04/2019,303.37,,,,,,,,,,,,,,,,,,,
 29/04/2019,279.95,,,,,,,,,,,,,,,,,,,
 30/04/2019,301.35,,,,,,,,,,,,,,,,,,,
 01/05/2019,309.02,,,,,,,,,,,,,,,,,,,
 02/05/2019,262.81,,,,,,,,,,,,,,,,,,,
 03/05/2019,256.91,,,,,,,,,,,,,,,,,,,
 04/05/2019,294.46,,,,,,,,,,,,,,,,,,,
 05/05/2019,310.13,,,,,,,,,,,,,,,,,,,
 06/05/2019,312.45,,,,,,,,,,,,,,,,,,,
 07/05/2019,284.24,,,,,,,,,,,,,,,,,,,
 08/05/2019,282.37,,,,,,,,,,,,,,,,,,,
 09/05/2019,276.68,,,,,,,,,,,,,,,,,,,
 10/05/2019,379.24,,,,,,,,,,,,,,,,,,,
 11/05/2019,384.73,,,,,,,,,,,,,,,,,,,
 12/05/2019,133.89,,,,,,,,,,,,,,,,,,,
 13/05/2019,247.47,,,,,,,,,,,,,,,,,,,
 14/05/2019,295.99,,,,,,,,,,,,,,,,,,,
 15/05/2019,255.58,,,,,,,,,,,,,,,,,,,
 16/05/2019,255.82,,,,,,,,,,,,,,,,,,,
 17/05/2019,269.79,,,,,,,,,,,,,,,,,,,
 18/05/2019,300.66,,,,,,,,,,,,,,,,,,,
 19/05/2019,288.79,,,,,,,,,,,,,,,,,,,
 20/05/2019,284.01,,,,,,,,,,,,,,,,,,,
 21/05/2019,276.28,,,,,,,,,,,,,,,,,,,
 22/05/2019,85.15,,,,,,,,,,,,,,,,,,,
 23/05/2019,259.61,,,,,,,,,,,,,,,,,,,
 24/05/2019,284.53,,,,,,,,,,,,,,,,,,,
 25/05/2019,320.2,,,,,,,,,,,,,,,,,,,
 26/05/2019,325.73,,,,,,,,,,,,,,,,,,,
 27/05/2019,290.54,,,,,,,,,,,,,,,,,,,
 28/05/2019,414.38,,,,,,,,,,,,,,,,,,,
 29/05/2019,222.19,,,,,,,,,,,,,,,,,,,
 30/05/2019,291.09,,,,,,,,,,,,,,,,,,,
 31/05/2019,297.44,,,,,,,,,,,,,,,,,,,
 01/06/2019,282.12,,,,,,,,,,,,,,,,,,,
 02/06/2019,288.64,,,,,,,,,,,,,,,,,,,
 03/06/2019,352.86,,,,,,,,,,,,,,,,,,,
 04/06/2019,386.47,,,,,,,,,,,,,,,,,,,
 05/06/2019,264.02,,,,,,,,,,,,,,,,,,,
 06/06/2019,264.85,,,,,,,,,,,,,,,,,,,
 07/06/2019,278.2,,,,,,,,,,,,,,,,,,,
 08/06/2019,312.44,,,,,,,,,,,,,,,,,,,
 09/06/2019,311.09,,,,,,,,,,,,,,,,,,,
 10/06/2019,305.38,,,,,,,,,,,,,,,,,,,
 11/06/2019,246.8,,,,,,,,,,,,,,,,,,,
 12/06/2019,254.61,,,,,,,,,,,,,,,,,,,
 13/06/2019,203.9,,,,,,,,,,,,,,,,,,,
 14/06/2019,310.09,,,,,,,,,,,,,,,,,,,
 15/06/2019,270.62,,,,,,,,,,,,,,,,,,,
 16/06/2019,185.23,,,,,,,,,,,,,,,,,,,
 17/06/2019,194.22,,,,,,,,,,,,,,,,,,,
 18/06/2019,171.35,,,,,,,,,,,,,,,,,,,
 19/06/2019,95.96,,,,,,,,,,,,,,,,,,,
 20/06/2019,306.37,,,,,,,,,,,,,,,,,,,
 21/06/2019,257.96,,,,,,,,,,,,,,,,,,,
 22/06/2019,207.77,,,,,,,,,,,,,,,,,,,
 23/06/2019,293.45,,,,,,,,,,,,,,,,,,,
 24/06/2019,278.34,,,,,,,,,,,,,,,,,,,
 25/06/2019,299.48,,,,,,,,,,,,,,,,,,,
 26/06/2019,188.07,,,,,,,,,,,,,,,,,,,
 27/06/2019,267.9,,,,,,,,,,,,,,,,,,,
 28/06/2019,304.17,,,,,,,,,,,,,,,,,,,
 29/06/2019,284.38,,,,,,,,,,,,,,,,,,,
 30/06/2019,245.32,,,,,,,,,,,,,,,,,,,
 01/07/2019,288.61,,,,,,,,,,,,,,,,,,,
 02/07/2019,236.5,,,,,,,,,,,,,,,,,,,
 03/07/2019,235.15,,,,,,,,,,,,,,,,,,,
 04/07/2019,248.08,,,,,,,,,,,,,,,,,,,
 05/07/2019,19.24,,,,,,,,,,,,,,,,,,,
 06/07/2019,345,,,,,,,,,,,,,,,,,,,
 07/07/2019,258.86,,,,,,,,,,,,,,,,,,,
 08/07/2019,189.23,,,,,,,,,,,,,,,,,,,
 09/07/2019,95.09,,,,,,,,,,,,,,,,,,,
 10/07/2019,247.96,,,,,,,,,,,,,,,,,,,
 11/07/2019,191.77,,,,,,,,,,,,,,,,,,,
 12/07/2019,231.95,,,,,,,,,,,,,,,,,,,
 13/07/2019,286.28,,,,,,,,,,,,,,,,,,,
 14/07/2019,293.44,,,,,,,,,,,,,,,,,,,
 15/07/2019,238.8,,,,,,,,,,,,,,,,,,,
 16/07/2019,207.36,,,,,,,,,,,,,,,,,,,
 17/07/2019,240.66,,,,,,,,,,,,,,,,,,,
 18/07/2019,242.59,,,,,,,,,,,,,,,,,,,
 19/07/2019,278.25,,,,,,,,,,,,,,,,,,,
 20/07/2019,301.29,,,,,,,,,,,,,,,,,,,
 21/07/2019,258.11,,,,,,,,,,,,,,,,,,,
 22/07/2019,261.1,,,,,,,,,,,,,,,,,,,
 23/07/2019,268.86,,,,,,,,,,,,,,,,,,,
 24/07/2019,198.34,,,,,,,,,,,,,,,,,,,
 25/07/2019,196.64,,,,,,,,,,,,,,,,,,,
 26/07/2019,143.04,,,,,,,,,,,,,,,,,,,
 27/07/2019,186.18,,,,,,,,,,,,,,,,,,,
 28/07/2019,209.36,,,,,,,,,,,,,,,,,,,
 29/07/2019,199.9,,,,,,,,,,,,,,,,,,,
 30/07/2019,251.22,,,,,,,,,,,,,,,,,,,
 31/07/2019,163.11,,,,,,,,,,,,,,,,,,,
 01/08/2019,218.16,,,,,,,,,,,,,,,,,,,
 02/08/2019,139.86,,,,,,,,,,,,,,,,,,,
 03/08/2019,157.43,,,,,,,,,,,,,,,,,,,
 04/08/2019,189.21,,,,,,,,,,,,,,,,,,,
 05/08/2019,120.57,,,,,,,,,,,,,,,,,,,
 06/08/2019,101.33,,,,,,,,,,,,,,,,,,,
 07/08/2019,184.17,,,,,,,,,,,,,,,,,,,
 08/08/2019,280.58,,,,,,,,,,,,,,,,,,,
 09/08/2019,193.95,,,,,,,,,,,,,,,,,,,
 10/08/2019,192.6,,,,,,,,,,,,,,,,,,,
 11/08/2019,328.87,,,,,,,,,,,,,,,,,,,
 12/08/2019,10.74,,,,,,,,,,,,,,,,,,,
 13/08/2019,169.11,,,,,,,,,,,,,,,,,,,
 14/08/2019,192.43,,,,,,,,,,,,,,,,,,,
 15/08/2019,193.21,,,,,,,,,,,,,,,,,,,
 16/08/2019,89.12,,,,,,,,,,,,,,,,,,,
 17/08/2019,89.95,,,,,,,,,,,,,,,,,,,
 18/08/2019,134.99,,,,,,,,,,,,,,,,,,,
 19/08/2019,276.03,,,,,,,,,,,,,,,,,,,
 20/08/2019,268.53,,,,,,,,,,,,,,,,,,,
 21/08/2019,236.64,,,,,,,,,,,,,,,,,,,
 22/08/2019,103.69,,,,,,,,,,,,,,,,,,,
 23/08/2019,236.92,,,,,,,,,,,,,,,,,,,
 24/08/2019,126.75,,,,,,,,,,,,,,,,,,,
 25/08/2019,145.1,,,,,,,,,,,,,,,,,,,
 26/08/2019,219.73,,,,,,,,,,,,,,,,,,,
 27/08/2019,249.99,,,,,,,,,,,,,,,,,,,
 28/08/2019,283.11,,,,,,,,,,,,,,,,,,,
 29/08/2019,117.32,,,,,,,,,,,,,,,,,,,
 30/08/2019,230.06,,,,,,,,,,,,,,,,,,,
 31/08/2019,268.65,,,,,,,,,,,,,,,,,,,
 01/09/2019,135.68,,,,,,,,,,,,,,,,,,,
 02/09/2019,157.2,,,,,,,,,,,,,,,,,,,
 03/09/2019,188.01,,,,,,,,,,,,,,,,,,,
 04/09/2019,169.85,,,,,,,,,,,,,,,,,,,
 05/09/2019,135.44,,,,,,,,,,,,,,,,,,,
 06/09/2019,105.31,,,,,,,,,,,,,,,,,,,
 07/09/2019,137.23,,,,,,,,,,,,,,,,,,,
 08/09/2019,67.99,,,,,,,,,,,,,,,,,,,
 09/09/2019,186.17,,,,,,,,,,,,,,,,,,,
 10/09/2019,147.55,,,,,,,,,,,,,,,,,,,
 11/09/2019,185.64,,,,,,,,,,,,,,,,,,,
 12/09/2019,194.35,,,,,,,,,,,,,,,,,,,
 13/09/2019,179.13,,,,,,,,,,,,,,,,,,,
 14/09/2019,155.02,,,,,,,,,,,,,,,,,,,
 15/09/2019,88.35,,,,,,,,,,,,,,,,,,,
 16/09/2019,199.81,,,,,,,,,,,,,,,,,,,
 17/09/2019,126.04,,,,,,,,,,,,,,,,,,,
 18/09/2019,206.54,,,,,,,,,,,,,,,,,,,
 19/09/2019,160.66,,,,,,,,,,,,,,,,,,,
 20/09/2019,148.73,,,,,,,,,,,,,,,,,,,
 21/09/2019,129.24,,,,,,,,,,,,,,,,,,,
 22/09/2019,206.5,,,,,,,,,,,,,,,,,,,
 23/09/2019,163.65,,,,,,,,,,,,,,,,,,,
 24/09/2019,128.59,,,,,,,,,,,,,,,,,,,
 25/09/2019,78.24,,,,,,,,,,,,,,,,,,,
 26/09/2019,154.18,,,,,,,,,,,,,,,,,,,
 27/09/2019,82.94,,,,,,,,,,,,,,,,,,,
 28/09/2019,89.26,,,,,,,,,,,,,,,,,,,
 29/09/2019,37.28,,,,,,,,,,,,,,,,,,,
 04/10/2019,338.09,,,,,,,,,,,,,,,,,,,
 05/10/2019,242.09,,,,,,,,,,,,,,,,,,,
 06/10/2019,236.07,,,,,,,,,,,,,,,,,,,
 07/10/2019,219.28,,,,,,,,,,,,,,,,,,,
 08/10/2019,246.64,,,,,,,,,,,,,,,,,,,
 09/10/2019,218.01,,,,,,,,,,,,,,,,,,,
 10/10/2019,224.41,,,,,,,,,,,,,,,,,,,
 11/10/2019,223.95,,,,,,,,,,,,,,,,,,,
 12/10/2019,239.47,,,,,,,,,,,,,,,,,,,
 13/10/2019,223.11,,,,,,,,,,,,,,,,,,,
 14/10/2019,190.82,,,,,,,,,,,,,,,,,,,
 15/10/2019,183.54,,,,,,,,,,,,,,,,,,,
 16/10/2019,191.94,,,,,,,,,,,,,,,,,,,
 17/10/2019,190.89,,,,,,,,,,,,,,,,,,,
 18/10/2019,186.53,,,,,,,,,,,,,,,,,,,
 19/10/2019,156.19,,,,,,,,,,,,,,,,,,,
 20/10/2019,146.42,,,,,,,,,,,,,,,,,,,
 21/10/2019,198.94,,,,,,,,,,,,,,,,,,,
 22/10/2019,204.72,,,,,,,,,,,,,,,,,,,
 23/10/2019,214.8,,,,,,,,,,,,,,,,,,,
 24/10/2019,190.24,,,,,,,,,,,,,,,,,,,
 25/10/2019,191.8,,,,,,,,,,,,,,,,,,,
 26/10/2019,181.2,,,,,,,,,,,,,,,,,,,
 27/10/2019,190.13,,,,,,,,,,,,,,,,,,,
 28/10/2019,145.26,,,,,,,,,,,,,,,,,,,
 29/10/2019,125.52,,,,,,,,,,,,,,,,,,,
 30/10/2019,99.92,,,,,,,,,,,,,,,,,,,
 31/10/2019,176.44,,,,,,,,,,,,,,,,,,,
 01/11/2019,183.27,,,,,,,,,,,,,,,,,,,
 02/11/2019,160.57,,,,,,,,,,,,,,,,,,,
 03/11/2019,126.14,,,,,,,,,,,,,,,,,,,
 04/11/2019,126.93,,,,,,,,,,,,,,,,,,,
 05/11/2019,163.2,,,,,,,,,,,,,,,,,,,
 06/11/2019,65.29,,,,,,,,,,,,,,,,,,,
 07/11/2019,117.83,,,,,,,,,,,,,,,,,,,
 08/11/2019,136.63,,,,,,,,,,,,,,,,,,,
 09/11/2019,164.85,,,,,,,,,,,,,,,,,,,
 10/11/2019,161.19,,,,,,,,,,,,,,,,,,,
 11/11/2019,146.49,,,,,,,,,,,,,,,,,,,
 12/11/2019,147.63,,,,,,,,,,,,,,,,,,,
 13/11/2019,132.19,,,,,,,,,,,,,,,,,,,
 14/11/2019,91.08,,,,,,,,,,,,,,,,,,,
 15/11/2019,136.66,,,,,,,,,,,,,,,,,,,
 16/11/2019,156.7,,,,,,,,,,,,,,,,,,,
 17/11/2019,169.8,,,,,,,,,,,,,,,,,,,
 18/11/2019,179.9,,,,,,,,,,,,,,,,,,,
 19/11/2019,165.79,,,,,,,,,,,,,,,,,,,
 20/11/2019,157.79,,,,,,,,,,,,,,,,,,,
 21/11/2019,137.79,,,,,,,,,,,,,,,,,,,
 22/11/2019,125.1,,,,,,,,,,,,,,,,,,,
 23/11/2019,218.15,,,,,,,,,,,,,,,,,,,
 24/11/2019,217.13,,,,,,,,,,,,,,,,,,,
 25/11/2019,143.63,,,,,,,,,,,,,,,,,,,
 26/11/2019,121.14,,,,,,,,,,,,,,,,,,,
 27/11/2019,118.9,,,,,,,,,,,,,,,,,,,
 28/11/2019,117.64,,,,,,,,,,,,,,,,,,,
 29/11/2019,80.9,,,,,,,,,,,,,,,,,,,
 30/11/2019,147.84,,,,,,,,,,,,,,,,,,,
 01/12/2019,141.34,,,,,,,,,,,,,,,,,,,
 02/12/2019,166.16,,,,,,,,,,,,,,,,,,,
 03/12/2019,179.69,,,,,,,,,,,,,,,,,,,
 04/12/2019,171.26,,,,,,,,,,,,,,,,,,,
 05/12/2019,140.64,,,,,,,,,,,,,,,,,,,
 06/12/2019,108.73,,,,,,,,,,,,,,,,,,,
 07/12/2019,134.99,,,,,,,,,,,,,,,,,,,
 08/12/2019,142.36,,,,,,,,,,,,,,,,,,,
 09/12/2019,148.79,,,,,,,,,,,,,,,,,,,
 10/12/2019,134.72,,,,,,,,,,,,,,,,,,,
 11/12/2019,119.27,,,,,,,,,,,,,,,,,,,
 12/12/2019,57.21,,,,,,,,,,,,,,,,,,,
 13/12/2019,40.33,,,,,,,,,,,,,,,,,,,
 14/12/2019,67.87,,,,,,,,,,,,,,,,,,,
 15/12/2019,146.9,,,,,,,,,,,,,,,,,,,
 16/12/2019,68.31,,,,,,,,,,,,,,,,,,,
 17/12/2019,109.44,,,,,,,,,,,,,,,,,,,
 18/12/2019,106.67,,,,,,,,,,,,,,,,,,,
 19/12/2019,153.74,,,,,,,,,,,,,,,,,,,
 22/12/2019,14.29,,,,,,,,,,,,,,,,,,,
 23/12/2019,149.59,,,,,,,,,,,,,,,,,,,
 24/12/2019,102.27,,,,,,,,,,,,,,,,,,,
 25/12/2019,91.8,,,,,,,,,,,,,,,,,,,
 26/12/2019,16.29,,,,,,,,,,,,,,,,,,,
 27/12/2019,60.86,,,,,,,,,,,,,,,,,,,
 28/12/2019,58.92,,,,,,,,,,,,,,,,,,,
 29/12/2019,38.5,,,,,,,,,,,,,,,,,,,
 30/12/2019,52.42,,,,,,,,,,,,,,,,,,,
 31/12/2019,124.09,,,,,,,,,,,,,,,,,,,
 01/01/2020,106.57,,,,,,,,,,,,,,,,,,,
 02/01/2020,114.22,,,,,,,,,,,,,,,,,,,
 03/01/2020,107.7,,,,,,,,,,,,,,,,,,,
 04/01/2020,206.96,,,,,,,,,,,,,,,,,,,
 05/01/2020,205,,,,,,,,,,,,,,,,,,,
 06/01/2020,116.38,,,,,,,,,,,,,,,,,,,
 07/01/2020,124.13,,,,,,,,,,,,,,,,,,,
 08/01/2020,65.7,,,,,,,,,,,,,,,,,,,
 09/01/2020,121.15,,,,,,,,,,,,,,,,,,,
 10/01/2020,145.05,,,,,,,,,,,,,,,,,,,
 11/01/2020,143.04,,,,,,,,,,,,,,,,,,,
 12/01/2020,142.55,,,,,,,,,,,,,,,,,,,
 13/01/2020,127.72,,,,,,,,,,,,,,,,,,,
 14/01/2020,79.15,,,,,,,,,,,,,,,,,,,
 15/01/2020,120.38,,,,,,,,,,,,,,,,,,,
 16/01/2020,42.17,,,,,,,,,,,,,,,,,,,
